filename	annid	label	Start_Span	End_Span	text
32085846_ES	T1	FAC_NOM	57	96	consultorio de enfermedades infecciosas
32085846_ES	T2	TRANSPORTE	165	170	viaje
32085846_ES	T3	GPE_NOM	173	178	Wuhan
32085846_ES	T4	DEPARTAMENTO	1531	1534	UCI
32282027_ES	T1	FAC_GEN	38	46	hospital
32282027_ES	T2	GPE_NOM	152	157	Daegu
32282027_ES	T3	GPE_NOM	159	172	Corea del Sur
32426200_ES	T1	DEPARTAMENTO	51	72	alberguesservicio de urgencias
32426200_ES	T2	FAC_GEN	193	204	una fábrica
32426200_ES	T3	DEPARTAMENTO	1123	1126	UCI
32426200_ES	T4	DEPARTAMENTO	542	551	centro de rehabilitación
32426200_ES	T5	TRANSPORTE	701	710	bicicleta
32426200_ES	T6	TRANSPORTE	3900	3924	bicicleta
32607304_Es	T1	DEPARTAMENTO	70	95	alberguesservicio de urgencias con
32607304_Es	T2	DEPARTAMENTO	425	434	urgencias
32607304_Es	T3	DEPARTAMENTO	1625	1677	una unidad de aislamiento
32636116_ES	T1	hospital	38	46	hospital
32636116_ES	T2	GPE_GEN	442	449	Polonia
32636116_ES	T3	DEPARTAMENTO	557	579	virus comunitariamente
32636116_ES	T4	DEPARTAMENTO	1540	1563	La radiografía torácica
32636116_ES	T5	DEPARTAMENTO	1734	1748	ecocardiograma
32636116_ES	T6	DEPARTAMENTO	1753	1771	electrocardiograma
32636116_ES	T7	DEPARTAMENTO	3633	3656	detección de SARS-CoV-2
butlleti_camfic_40	T1	DEPARTAMENTO	162	195	Consulta por escalofríos y fiebre
butlleti_camfic_40	T2	DEPARTAMENTO	1092	1101	urgencias
butlleti_camfic_63	T1	GPE_NOM	64	72	Toulouse
butlleti_camfic_63	T2	COMUNIDAD	237	255	de origen africano
butlleti_camfic_63	T3	GPE_NOM	296	303	francés
butlleti_camfic_63	T4	FAC_NOM	444	474	centro médico Cabinet Rangueil
butlleti_camfic_63	T5	GPE_NOM	478	486	Toulouse
butlleti_camfic_63	T6	GPE_NOM	632	639	Francia
butlleti_camfic_63	T7	GPE_NOM	799	808	Barcelona
butlleti_camfic_63	T8	GPE_NOM	1475	1483	Francia
butlleti_camfic_103	T1	DEPARTAMENTO	265	284	Analítica de sangre
butlleti_camfic_103	T2	DEPARTAMENTO	321	332	Radiografía
butlleti_camfic_103	T3	DEPARTAMENTO	1292	1299	clínica
butlleti_camfic_103	T4	TRANSPORTE	1504	1511	clínica
butlleti_camfic_103	T5	DEPARTAMENTO	1755	1767	histopatológ
butlleti_camfic_156	T1	DEPARTAMENTO	195	198	UCI
butlleti_camfic_156	T2	DEPARTAMENTO	1843	1848	(SPT)
butlleti_camfic_188	T1	DEPARTAMENTO	33	50	atención primaria
butlleti_camfic_188	T2	DEPARTAMENTO	604	608	AP
butlleti_camfic_188	T3	DEPARTAMENTO	778	799	otorrinolaringología
butlleti_camfic_235	T1	DEPARTAMENTO	88	113	seguimiento por neurologí
butlleti_camfic_235	T2	DEPARTAMENTO	199	211	Consulta por
butlleti_camfic_235	T3	DEPARTAMENTO	1233	1258	urgencias de oftalmología
butlleti_camfic_235	T4	DEPARTAMENTO	1276	1293	neurooftalmología
butlleti_camfic_235	T5	DEPARTAMENTO	1624	1634	neurología
butlleti_camfic_258	T1	DEPARTAMENTO	400	409	urgencias
butlleti_camfic_258	T2	DEPARTAMENTO	423	434	ambulatorio
butlleti_camfic_258	T3	DEPARTAMENTO	443	456	traumatología
butlleti_camfic_258	T4	DEPARTAMENTO	459	488	medicina interna hospitalaria
butlleti_camfic_372	T1	DEPARTAMENTO	1591	1608	gastroenterología
butlleti_camfic_372	T2	FAC_GEN	339	346	clínica
butlleti_camfic_372	T3	DEPARTAMENTO	2013	2030	atención primaria
butlleti_camfic_739	T1	DEPARTAMENTO	8	25	tención Primaria
butlleti_camfic_835	T1	DEPARTAMENTO	41	62	consulta en urgencias
butlleti_camfic_835	T2	DEPARTAMENTO	141	152	ambulatorio
butlleti_camfic_835	T3	GPE_NOM	276	285	Marruecos
butlleti_camfic_835	T4	GPE_NOM	904	911	Noruega
butlleti_camfic_835	T5	TRANSPORTE	368	373	viaje
caso_clinico_alergologia32	T1	DEPARTAMENTO	178	189	ambulatorio
caso_clinico_alergologia32	T2	DEPARTAMENTO	194	213	clínica de ojo rojo
caso_clinico_alergologia32	T3	DEPARTAMENTO	416	428	ambulatorio
caso_clinico_alergologia78	T1	FAC_GEN	94	100	cabaña
caso_clinico_alergologia78	T2	GEO_GEN	107	112	monte
caso_clinico_alergologia111	T1	TRANSPORTE	731	743	en bicicleta
caso_clinico_atencion_primaria68	T1	DEPARTAMENTO	3921	3931	neumología
caso_clinico_atencion_primaria135	T1	GPE_NOM	173	179	Guinea
caso_clinico_atencion_primaria135	T2	GPE_NOM	180	187	Conakry
caso_clinico_atencion_primaria135	T3	GPE_NOM	257	263	España
caso_clinico_atencion_primaria135	T4	TRANSPORTE	1844	1849	viaje
caso_clinico_atencion_primaria135	T5	COMUNIDAD	1709	1719	extranjero
caso_clinico_atencion_primaria135	T6	GPE_NOM	2497	2503	Magreb
caso_clinico_atencion_primaria135	T7	GPE_NOM	2513	2532	África Subsahariana
caso_clinico_atencion_primaria135	T8	DEPARTAMENTO	2840	2886	consultas externas de Enfermedades Infecciosas
caso_clinico_atencion_primaria135	T9	DEPARTAMENTO	3322	3343	Ministerio de Sanidad
caso_clinico_atencion_primaria135	T10	DEPARTAMENTO	3477	3499	consulta de enfermería
caso_clinico_atencion_primaria144	T1	FAC_GEN	621	627	granja
caso_clinico_atencion_primaria144	T2	GEO_NOM	1913	1922	DEPARTAMENTO
caso_clinico_atencion_primaria148	T1	DEPARTAMENTO	497	515	Atención Primaria
caso_clinico_atencion_primaria148	T2	DEPARTAMENTO	2593	2618	interconsulta a Oncología
caso_clinico_atencion_primaria148	T3	DEPARTAMENTO	2838	2847	Oncología
caso_clinico_atencion_primaria148	T4	DEPARTAMENTO	3834	3848	psicooncología
caso_clinico_atencion_primaria148	T5	DEPARTAMENTO	4562	4579	Atención Primaria
caso_clinico_atencion_primaria173	T1	COMUNIDAD	213	228	Costa de Marfil
caso_clinico_atencion_primaria173	T2	GPE_NOM	361	367	España
caso_clinico_atencion_primaria173	T3	GPE_NOM	473	480	Argelia
caso_clinico_atencion_primaria173	T4	TRANSPORTE	490	501	largo viaje
caso_clinico_atencion_primaria173	T5	GPE_NOM	604	610	Marfil
caso_clinico_atencion_primaria173	T6	GPE_NOM	903	909	España
caso_clinico_atencion_primaria173	T7	DEPARTAMENTO	2611	2624	traumatología
caso_clinico_dermatologia78	T1	GPE_NOM	45	63	Norte de Santander
caso_clinico_dermatologia78	T2	GPE_NOM	80	86	Bogotá
caso_clinico_dermatologia106	T1	DEPARTAMENTO	131	148	Atención Primaria
caso_clinico_dermatologia137	T1	GPE_NOM	48	59	Reino Unido
caso_clinico_dermatologia137	T2	FAC_GEN	235	238	bar
caso_clinico_dermatologia138	T1	GPE_NOM	62	68	España
caso_clinico_dermatologia138	T2	GPE_NOM	39	46	Ecuador
caso_clinico_dermatologia138	T3	FAC_GEN	635	641	tienda
caso_clinico_dermatologia138	T4	TRANSPORTE	715	734	viaje al extranjero
caso_clinico_dermatologia138	T5	FAC_GEN	763	771	piscinas
caso_clinico_dermatologia174	T1	DEPARTAMENTO	1022	1036	microbiológico
caso_clinico_dermatologia174	T2	DEPARTAMENTO	1039	1054	histopatológico
caso_clinico_dermatologia460	T1	GPE_NOM	886	894	española
caso_clinico_dermatologia460	T2	GPE_NOM	902	908	Españo
caso_clinico_dermatologia460	T3	GEO_GEN	383	386	mar
caso_clinico_dermatologia486	T1	COMUNIDAD	18	27	caucásica
caso_clinico_dermatologia486	T2	DEPARTAMENTO	478	498	servicio de farmacia
caso_clinico_dermatologia486	T3	DEPARTAMENTO	536	553	atención primaria
caso_clinico_dermatologia486	T4	DEPARTAMENTO	555	571	medicina interna
caso_clinico_dermatologia486	T5	DEPARTAMENTO	574	591	onco-radioterapia
caso_clinico_dermatologia486	T6	GEO_NOM	604	616	Gran Canaria
caso_clinico_dermatologia486	T7	GPE_NOM	626	639	Santa Brígida
caso_clinico_dermatologia486	T8	GPE_NOMTRANSPORTE	659	669	senderismo
caso_clinico_dermatologia505	T1	DEPARTAMENTO	84	109	urgencias de dermatología
caso_clinico_dermatologia560	T1	GPE_NOM	169	176	Nigeria
caso_clinico_dermatologia560	T2	DEPARTAMENTO	57	66	Urgencias
caso_clinico_dermatologia560	T3	TRANSPORTE	157	162	vuelo
caso_clinico_dermatologia560	T4	GPE_NOM	521	528	España
caso_clinico_dermatologia560	T5	DEPARTAMENTO	627	636	Urgencias
caso_clinico_dermatologia560	T6	TRANSPORTE	570	576	viajes
caso_clinico_dermatologia560	T7	DEPARTAMENTO	858	867	Urgencias
caso_clinico_dermatologia666	T1	COMUNIDAD	60	66	blanca
caso_clinico_dermatologia666	T2	GEO_GEN	377	380	mar
caso_clinico_dermatologia666	T3	GPE_NOM	384	391	Coveñas
caso_clinico_dermatologia666	T4	GEO_GEN	998	1004	océano
caso_clinico_dermatologia666	T5	GEO_NOM	1008	1018	Las Palmas
caso_clinico_dermatologia666	T6	GEO_NOM	1664	1678	mar Cantábrico
caso_clinico_dermatologia666	T7	GEO_GEN	1654	1659	playa
caso_clinico_dermatologia666	T8	GEO_GEN	1748	1753	playa
caso_clinico_endocrinologia57	T1	DEPARTAMENTO	425	434	Urgencias
caso_clinico_endocrinologia57	T2	DEPARTAMENTO	1414	1417	UCI
caso_clinico_endocrinologia57	T3	DEPARTAMENTO	1484	1514	equipo de otorrinolaringología
caso_clinico_endocrinologia57	T4	DEPARTAMENTO	1798	1817	cuidados Intensivos
caso_clinico_endocrinologia57	T5	DEPARTAMENTO	3038	3041	UCI
caso_clinico_endocrinologia57	T6	DEPARTAMENTO	3054	3070	Medicina Interna
caso_clinico_endocrinologia126	T1	DEPARTAMENTO	143	153	Neurología
caso_clinico_medicina_interna8	T1	GPE_NOM	161	168	Irlanda
caso_clinico_medicina_interna8	T2	DEPARTAMENTO	255	265	neurología
caso_clinico_medicina_interna45	T1	GEO_NOM	131	151	isla de Gran Canaria
caso_clinico_medicina_interna45	T2	DEPARTAMENTO	210	220	urgencias
caso_clinico_medicina_interna45	T3	DEPARTAMENTO	501	523	Unidad de Salud Mental
caso_clinico_medicina_interna45	T4	DEPARTAMENTO	680	689	urgencias
caso_clinico_medicina_interna118	T1	DEPARTAMENTO	112	146	consultas externas de Oftalmología
caso_clinico_medicina_interna118	T2	FAC_GEN	524	531	clínica
caso_clinico_medicina_interna400	T1	COMUNIDAD	33	44	origen Mali
caso_clinico_medicina_interna400	T2	GPE_NOM	54	60	España
caso_clinico_medicina_interna750	T1	GPE_NOM	29	36	Camerún
caso_clinico_medicina_interna762	T1	FAC_GEN	649	657	hospital
caso_clinico_medicina_interna762	T2	FAC_GEN	1255	1263	hospital
caso_clinico_medicina_interna842	T1	GPE_NOM	30	37	Iquitos
caso_clinico_medicina_interna842	T2	GPE_NOM	39	43	Perú
caso_clinico_medicina_interna898	T1	DEPARTAMENTO	42	51	Urgencias
caso_clinico_medicina_interna898	T2	DEPARTAMENTO	542	551	urgencias
caso_clinico_medicina_interna898	T3	DEPARTAMENTO	2080	2097	comité de tumores
caso_clinico_medtropical2	T1	DEPARTAMENTO	83	100	Unidad Coronaria
caso_clinico_medtropical2	T2	GPE_NOM	323	344	Santa Cruz de Bolivia
caso_clinico_medtropical2	T3	GPE_NOM	356	362	España
caso_clinico_medtropical2	T4	GPE_NOM	472	480	Bolivia
caso_clinico_medtropical2	T5	DEPARTAMENTO	686	697	Cardiología
caso_clinico_medtropical2	T6	DEPARTAMENTO	1152	1168	Unidad Coronaria
caso_clinico_medtropical2	T7	DEPARTAMENTO	1293	1309	Unidad Coronaria
caso_clinico_medtropical2	T8	GPE_NOM	1471	1481	Coro-naria
caso_clinico_medtropical2	T9	DEPARTAMENTO	1753	1769	Unidad Coronaria
caso_clinico_medtropical2	T10	GPE_NOM	1850	1856	España
caso_clinico_medtropical2	T11	GPE_NOM	1825	1835	bolivianos
caso_clinico_medtropical2	T12	GPE_NOM	2032	2041	Boliviana
caso_clinico_medtropical2	T13	DEPARTAMENTO	2141	2157	Unidad Coronaria
caso_clinico_medtropical2	T14	DEPARTAMENTO	2261	2291	hospitalización de cardiología
caso_clinico_medtropical2	T15	GPE_NOM	808	818	HoChi Minh
caso_clinico_medtropical2	T16	DEPARTAMENTO	2399	2418	Sala de Cardiología
caso_clinico_medtropical9	T1	GPE_NOM	294	306	Minas Gerais
caso_clinico_medtropical9	T2	COMUNIDAD	281	290	brasileño
caso_clinico_medtropical9	T3	DEPARTAMENTO	2464	2481	Atención Primaria
caso_clinico_medtropical9	T4	DEPARTAMENTO	2287	2324	puesto de salud y consulta de cirugía
caso_clinico_medtropical10	T1	GPE_NOM	29	37	Capinota
caso_clinico_medtropical10	T2	GPE_NOM	39	49	Cochabamba
caso_clinico_medtropical10	T3	GPE_NOM	51	58	Bolivia
caso_clinico_medtropical10	T4	DEPARTAMENTO	141	160	objetiva gestación
caso_clinico_medtropical10	T5	FAC_GEN	373	386	casa de adobe
caso_clinico_medtropical35	T1	GPE_NOM	77	88	La Libertad
caso_clinico_medtropical35	T2	GPE_NOM	110	121	Santa Elena
caso_clinico_medtropical35	T3	GPE_NOM	179	185	Manabí
caso_clinico_medtropical39	T1	COMUNIDAD	122	132	venezolano
caso_clinico_medtropical39	T2	GPE_NOM	188	197	Venezuela
caso_clinico_medtropical39	T3	GPE_NOM	165	171	Mérida
caso_clinico_medtropical39	T4	GPE_NOM	305	311	Mérida
caso_clinico_medtropical39	T5	GPE_NOM	313	321	Trujillo
caso_clinico_medtropical39	T6	GPE_NOM	323	330	Táchira
caso_clinico_medtropical39	T7	GPE_NOM	333	340	Barinas
caso_clinico_medtropical39	T8	GPE_NOM	377	389	estado Apure
caso_clinico_medtropical39	T9	DEPARTAMENTO	1002	1021	otorrinolaringólogo
caso_clinico_medtropical39	T10	DEPARTAMENTO	1081	1092	dermatólogo
caso_clinico_medtropical39	T11	FAC_NOM	2526	2561	Hospital Universitario de los Andes
caso_clinico_medtropical39	T12	GEO_GEN	5424	5447	Leishmania braziliensis
caso_clinico_medtropical60	T1	GPE_NOM	91	96	Útica
caso_clinico_medtropical67	T1	GPE_NOM	81	85	Cali
caso_clinico_medtropical67	T2	GPE_NOM	87	95	Colombia
caso_clinico_medtropical67	T3	DEPARTAMENTO	417	426	urgencias
caso_clinico_medtropical67	T4	DEPARTAMENTO	1713	1740	unidad de cuidado intensivo
caso_clinico_medtropical71	T1	GPE_NOM	6	13	chilena
caso_clinico_medtropical71	T2	GPE_NOM	149	162	Centroamérica
caso_clinico_medtropical71	T3	TRANSPORTE	99	105	viajes
caso_clinico_medtropical140	T1	GPE_NOM	63	80	Región San Martín
caso_clinico_medtropical140	T2	GPE_NOM	53	61	Tarapoto
caso_clinico_medtropical88	T1	FAC_GEN	619	626	clínico
caso_clinico_medtropical88	T2	GPE_NOM	2355	2361	India
caso_clinico_medtropical88	T3	GPE_NOM	2362	2367	China
caso_clinico_medtropical88	T4	GPE_NOM	2369	2374	Japón
caso_clinico_medtropical88	T5	GPE_NOM	2392	2397	Asia
caso_clinico_medtropical88	T6	GPE_NOM	2478	2482	Asia
caso_clinico_medtropical88	T7	GPE_NOM	2485	2494	Australia
caso_clinico_medtropical150	T1	GPE_NOM	37	45	Honduras
caso_clinico_medtropical150	T2	DEPARTAMENTO	50	100	consulta en el Servicio de Urgencias por febrícula
caso_clinico_medtropical150	T3	GPE_NOM	1073	1081	Honduras
caso_clinico_medtropical150	T4	GPE_NOM	1160	1166	España
caso_clinico_medtropical150	T5	GPE_NOM	2775	2783	Honduras
caso_clinico_neurologia72	T1	DEPARTAMENTO	679	688	Urgencias
caso_clinico_neurologia72	T2	FAC_GEN	805	812	clínica
caso_clinico_neurologia119	T1	GPE_NOM	39	46	Ecuador
caso_clinico_neurologia119	T2	GPE_NOM	62	69	España
caso_clinico_neurologia119	T3	DEPARTAMENTO	106	124	médico-quirúrgicos
caso_clinico_neurologia119	T4	FAC_GEN	1308	1315	clínico
caso_clinico_neurologia119	T5	DEPARTAMENTO	1554	1563	Urgencias
caso_clinico_neurologia262	T1	DEPARTAMENTO	791	800	Urgencias
caso_clinico_neurologia262	T2	DEPARTAMENTO	1107	1116	Urgencias
caso_clinico_neurologia262	T3	DEPARTAMENTO	1311	1320	Urgencias
caso_clinico_neurologia281	T1	GPE_NOM	39	47	Colombia
caso_clinico_neurologia281	T2	DEPARTAMENTO	379	388	Urgencias
caso_clinico_oftalmologia92	T1	GPE_NOM	5	15	camerunés
caso_clinico_oftalmologia92	T2	GPE_NOM	41	47	España
caso_clinico_oftalmologia92	T3	TRANSPORTE	73	78	viaja
caso_clinico_oftalmologia92	T4	DEPARTAMENTO	126	135	Urgencias
caso_clinico_oftalmologia92	T5	DEPARTAMENTO	399	418	urgencias generales
caso_clinico_oftalmologia151	T1	FAC_NOM	692	719	Laboratorios Sanofi Aventis
caso_clinico_oftalmologia151	T2	GPE_NOM	726	735	Barcelona
caso_clinico_oftalmologia151	T3	FAC_NOM	793	832	Laboratorios Takeda Italia Farmaceutici
caso_clinico_oftalmologia151	T4	GPE_NOM	839	843	Rome
caso_clinico_oftalmologia151	T5	GPE_NOM	845	851	Italia
caso_clinico_oftalmologia151	T6	FAC_NOM	1212	1239	Laboratorios Bayer Hispania
caso_clinico_oftalmologia151	T7	GPE_NOM	1241	1250	Barcelona
caso_clinico_oftalmologia211	T1	GPE_NOM	247	260	Pepe Portilla
caso_clinico_oftalmologia211	T2	DEPARTAMENTO	236	246	Pediátrico
caso_clinico_oftalmologia211	T3	DEPARTAMENTO	391	404	oftalmológico
caso_clinico_oftalmologia228	T1	DEPARTAMENTO	155	164	Neurologí
caso_clinico_oftalmologia228	T2	FAC_NOM	170	197	Hospital Clínico Quirúrgico
caso_clinico_oftalmologia228	T3	DEPARTAMENTO	69	84	Genética Clínic
caso_clinico_oftalmologia231	T1	COMUNIDAD	46	52	blanca
caso_clinico_oftalmologia231	T2	DEPARTAMENTO	193	203	Mastología
caso_clinico_psiquiatria11	T1	FAC_NOM	70	94	Centro de Patología Dual
caso_clinico_psiquiatria11	T2	DEPARTAMENTO	396	416	atención ambulatorio
caso_clinico_psiquiatria11	T3	DEPARTAMENTO	3406	3424	centro ambulatorio
caso_clinico_psiquiatria16	T1	DEPARTAMENTO	116	124	urgencia
caso_clinico_psiquiatria16	T2	DEPARTAMENTO	941	957	unidad de agudos
caso_clinico_psiquiatria16	T3	FAC_GEN	967	975	hospital
caso_clinico_psiquiatria16	T4	DEPARTAMENTO	1868	1880	psiquiátrico
caso_clinico_psiquiatria16	T5	FAC_GEN	2705	2733	Hospitalización psiquiátrica
caso_clinico_psiquiatria16	T6	FAC_GEN	4736	4744	hospital
caso_clinico_psiquiatria54	T1	FAC_GEN	85	99	compañía aérea
caso_clinico_psiquiatria54	T2	FAC_GEN	660	663	pub
caso_clinico_psiquiatria54	T3	FAC_GEN	680	694	tienda de ropa
caso_clinico_psiquiatria54	T4	FAC_GEN	2012	2034	Centro de Salud Mental
caso_clinico_psiquiatria56	T1	FAC_GEN	102	117	Centro de Salud
caso_clinico_psiquiatria56	T2	GPE_NOM	121	128	Sevilla
caso_clinico_psiquiatria67	T1	COMUNIDAD	55	63	mexicano
caso_clinico_psiquiatria67	T2	COMUNIDAD	1898	1907	mexicanos
caso_clinico_psiquiatria67	T3	GPE_NOM	2242	2248	México
caso_clinico_psiquiatria67	T4	GPE_NOM	5186	5192	México
caso_clinico_psiquiatria111	T1	DEPARTAMENTO	864	876	Dermatología
caso_clinico_psiquiatria111	T2	DEPARTAMENTO	923	935	Dermatología
caso_clinico_psiquiatria111	T3	DEPARTAMENTO	3460	3478	psicofarmacológico
caso_clinico_psiquiatria111	T4	DEPARTAMENTO	4023	4039	Unidad de Agudos
caso_clinico_psiquiatria111	T5	DEPARTAMENTO	7794	7819	psicopatológica en planta
caso_clinico_psiquiatria111	T6	FAC_NOM	11258	11280	Centro de Salud Mental
caso_clinico_psiquiatria111	T7	DEPARTAMENTO	11300	11310	psicóloga
caso_clinico_psiquiatria111	T8	DEPARTAMENTO	11479	11490	psicóloga
caso_clinico_psiquiatria113	T1	GPE_NOM	57	66	Barcelona
caso_clinico_psiquiatria113	T2	DEPARTAMENTO	105	119	Patología Dual
caso_clinico_psiquiatria121	T1	GPE_NOM	66	80	Estados Unidos
caso_clinico_psiquiatria121	T2	FAC_GEN	102	121	universidad pública
caso_clinico_psiquiatria121	T3	DEPARTAMENTO	148	157	urgencias
caso_clinico_psiquiatria121	T4	GPE_NOM	1153	1157	Irak
caso_clinico_psiquiatria121	T5	FAC_NOM	1185	1203	iglesia evangélica
caso_clinico_psiquiatria128	T1	DEPARTAMENTO	76	86	psiquiatra
caso_clinico_psiquiatria128	T2	FAC_GEN	494	501	oficina
caso_clinico_psiquiatria130	T1	DEPARTAMENTO	75	87	psiquiátrica
caso_clinico_psiquiatria130	T2	FAC_GEN	741	752	restaurante
caso_clinico_psiquiatria146	T1	DEPARTAMENTO	35	47	psicométrica
caso_clinico_psiquiatria146	T2	DEPARTAMENTO	1955	1963	consulta
caso_clinico_psiquiatria151	T1	GPE_NOM	3680	3689	Castellón
caso_clinico_psiquiatria151	T2	FAC_GEN	3654	3676	Unidad de Salud Mental
caso_clinico_psiquiatria151	T3	FAC_GEN	3863	3882	Hospital Provincial
caso_clinico_psiquiatria151	T4	GPE_NOM	3886	3895	Castellón
caso_clinico_psiquiatria151	T5	DEPARTAMENTO	4162	4171	osteópata
caso_clinico_psiquiatria151	T6	GPE_NOM	4946	4953	Vinaròs
caso_clinico_psiquiatria151	T7	FAC_GEN	4920	4941	Unidad de Salud Menta
caso_clinico_psiquiatria151	T8	FAC_GEN	5382	5397	nstituto Médico
caso_clinico_psiquiatria151	T9	GPE_NOM	5425	5434	Barcelona
caso_clinico_psiquiatria151	T10	DEPARTAMENTO	10226	10259	American Psychiatric Asssociation
caso_clinico_psiquiatria151	T11	FAC_NOM	10421	10454	Universidad Jaume I de Castellón
caso_clinico_psiquiatria155	T1	DEPARTAMENTO	27	47	consulta psicológica
caso_clinico_psiquiatria155	T2	FAC_GEN	669	685	hospital público
caso_clinico_psiquiatria155	T3	FAC_GEN	1028	1034	teatro
caso_clinico_psiquiatria155	T4	FAC_GEN	1247	1251	cine
caso_clinico_psiquiatria162	T1	FAC_GEN	894	902	gimnasio
caso_clinico_psiquiatria162	T2	FAC_GEN	1649	1654	banco
caso_clinico_psiquiatria162	T3	FAC_GEN	1948	1957	el chalet
caso_clinico_psiquiatria167	T1	FAC_NOM	42	75	una tienda de productos de 1 euro
caso_clinico_psiquiatria167	T2	GPE_NOM	79	87	Valencia
caso_clinico_psiquiatria167	T3	DEPARTAMENTO	825	834	urgencias
caso_clinico_psiquiatria167	T4	GPE_NOM	1361	1370	Valencia
caso_clinico_psiquiatria171	T1	FAC_GEN	118	126	hospital
caso_clinico_psiquiatria184	T1	DEPARTAMENTO	665	676	psiquiatría
caso_clinico_psiquiatria184	T2	DEPARTAMENTO	1090	1102	Salud Mental
caso_clinico_psiquiatria184	T3	DEPARTAMENTO	2123	2139	neuropsicológico
caso_clinico_psiquiatria184	T4	DEPARTAMENTO	3423	3455	consultas externas de neumología
caso_clinico_psiquiatria303	T1	DEPARTAMENTO	86	98	psiquiatría
caso_clinico_psiquiatria303	T2	COMUNIDAD	122	127	judío
caso_clinico_psiquiatria303	T3	DEPARTAMENTO	1758	1769	psiquiatría
caso_clinico_psiquiatria303	T4	FAC_GEN	2772	2780	hospital
caso_clinico_psiquiatria316	T1	GPE_NOM	76	90	Guinea Conakry
caso_clinico_psiquiatria316	T2	GPE_NOM	136	142	España
caso_clinico_psiquiatria316	T3	FAC_NOM	339	384	servicio de Extranjeros de Cruz Roja Española
caso_clinico_psiquiatria316	T4	GPE_NOM	584	590	España
caso_clinico_psiquiatria316	T5	GPE_NOM	709	715	Guinea
caso_clinico_psiquiatria316	T6	GPE_NOM	725	731	Guinea
caso_clinico_psiquiatria316	T7	GPE_GEN	800	816	países africanos
caso_clinico_psiquiatria316	T8	GPE_NOM	836	842	España
caso_clinico_psiquiatria316	T9	DEPARTAMENTO	2605	2621	Medicina Interna
caso_clinico_psiquiatria316	T10	FAC_GEN	5019	5027	albergue
caso_clinico_psiquiatria358	T1	DEPARTAMENTO	45	54	Urgencias
caso_clinico_psiquiatria358	T2	TRANSPORTE	295	300	viaje
caso_clinico_psiquiatria358	T3	GPE_NOM	314	321	Francia
caso_clinico_psiquiatria366.	T1	DEPARTAMENTO	35	76	Unidad de Hospitalización Infanto-Juvenil
caso_clinico_psiquiatria366.	T2	GPE_NOM	224	233	Marruecos
caso_clinico_psiquiatria366.	T3	GPE_NOM	243	249	España
caso_clinico_psiquiatria366.	T4	GPE_NOM	1148	1154	España
caso_clinico_psiquiatria366.	T5	DEPARTAMENTO	1858	1867	Urgencias
caso_clinico_psiquiatria371	T1	DEPARTAMENTO	194	211	atención primaria
caso_clinico_psiquiatria371	T2	DEPARTAMENTO	520	558	Equipo de Salud Mental Infanto-Juvenil
caso_clinico_psiquiatria371	T3	GPE_NOM	2394	2400	España
caso_clinico_psiquiatria371	T4	GPE_NOM	2946	2959	España
caso_clinico_psiquiatria371	T5	GPE_NOM	3025	3031	Madrid
caso_clinico_psiquiatria371	T6	GPE_NOM	3262	3267	China
caso_clinico_psiquiatria371	T7	FAC_NOM	11993	12039	Hospital de Día de Psiquiatría Infanto-Juvenil
caso_clinico_psiquiatria391	T1	DEPARTAMENTO	1899	1909	neurología
caso_clinico_psiquiatria391	T2	DEPARTAMENTO	5211	5221	neurología
caso_clinico_psiquiatria391	T3	DEPARTAMENTO	6275	6284	urgencias
caso_clinico_psiquiatria391	T4	FAC_GEN	6289	6297	hospital
caso_clinico_psiquiatria406	T1	FAC_NOM	654	683	hospital psiquiátrico privado
caso_clinico_psiquiatria423	T1	DEPARTAMENTO	2581	2616	Unidad de Hospitalización de Agudos
caso_clinico_psiquiatria423	T2	IDIOMAD	4661	4675	también inglés
caso_clinico_psiquiatria423	T3	IDIOMAD	4677	4686	americano
caso_clinico_psiquiatria423	T4	IDIOMAD	4688	4696	italiano
caso_clinico_psiquiatria425	T1	FAC_GEN	883	890	clínica
caso_clinico_psiquiatria425	T2	IDIOMAD	11126	11133	francés
caso_clinico_psiquiatria439	T1	DEPARTAMENTO	63	112	centro para la valoración de ingreso psiquiátrico
caso_clinico_psiquiatria439	T2	COMUNIDAD	282	290	Marrueco
caso_clinico_psiquiatria439	T3	GPE_NOM	474	480	Madrid
caso_clinico_psiquiatria439	T4	GPE_NOM	532	538	España
caso_clinico_psiquiatria439	T5	DEPARTAMENTO	1914	1293	Urgencias
caso_clinico_psiquiatria446	T1	DEPARTAMENTO	113	124	ambulatorio
caso_clinico_psiquiatria446	T2	GPE_NOM	224	231	Granada
caso_clinico_psiquiatria446	T3	FAC_GEN	600	613	hospitalarios
caso_clinico_psiquiatria446	T4	FAC_GEN	1063	1070	clínica
caso_clinico_psiquiatria449	T1	DEPARTAMENTO	91	121	Unidad de Psicosis Refractaria
caso_clinico_psiquiatria449	T2	DEPARTAMENTO	1027	1044	Atención Primaria
caso_clinico_psiquiatria449	T3	DEPARTAMENTO	2362	2366	UTIP
caso_clinico_psiquiatria449	T4	FAC_GEN	6868	6873	bares
caso_clinico_psiquiatria449	T5	FAC_GEN	6884	6903	centros comerciales
caso_clinico_psiquiatria456	T1	DEPARTAMENTO	41	50	caso_clinico_psiquiatria456
caso_clinico_psiquiatria456	T2	DEPARTAMENTO	404	416	Psiquiátrica
caso_clinico_psiquiatria456	T3	DEPARTAMENTO	3047	3058	Psiquiatría
caso_clinico_psiquiatria456	T4	Urgencias	2951	2960	Urgencias
caso_clinico_psiquiatria465	T1	DEPARTAMENTO	258	275	clínica psicótica
caso_clinico_psiquiatria465	T2	GPE_NOM	432	449	Palma de Mallorca
caso_clinico_psiquiatria465	T3	GPE_NOM	1769	1803	Unidades Psiquiátricas de Mallorca
caso_clinico_psiquiatria465	T4	FAC_NOM	2345	2415	Unidad de Hospitalización Breve de Psiquiatría del Hospital de Manacor
caso_clinico_psiquiatria465	T5	FAC_NOM	3561	3591	Hospital Psiquiátrico de Palma
caso_clinico_psiquiatria465	T6	DEPARTAMENTO	5232	5243	ambulatorio
caso_clinico_psiquiatria465	T7	FAC_NOM	8244	8263	Hospital de Manacor
caso_clinico_psiquiatria465	T8	DEPARTAMENTO	8228	8239	Psiquiatría
caso_clinico_psiquiatria465	T9	GPE_NOM	10192	10199	Manacor
caso_clinico_psiquiatria477	T1	DEPARTAMENTO	72	81	Urgencias
caso_clinico_psiquiatria477	T2	DEPARTAMENTO	166	175	Urgencias
caso_clinico_psiquiatria477	T3	FAC_GEN	1391	1411	hospitalario privado
caso_clinico_psiquiatria477	T4	FAC_GEN	2246	2262	planta de Agudos
caso_clinico_psiquiatria477	T5	FAC_GEN	4406	4428	Centro de Salud Mental
caso_clinico_psiquiatria480	T1	FAC_GEN	719	735	tienda de bolsos
caso_clinico_psiquiatria480	T2	FAC_GEN	780	790	pescadería
caso_clinico_psiquiatria480	T3	FAC_GEN	800	810	gasolinera
caso_clinico_psiquiatria480	T4	GPE_NOM	924	932	Zaragoza
caso_clinico_psiquiatria480	T5	Barcelona	1086	1095	Barcelona
caso_clinico_psiquiatria480	T6	GPE_NOM	1342	1350	Alhendín
caso_clinico_psiquiatria480	T7	GPE_NOM	1418	1427	Barcelona
caso_clinico_psiquiatria480	T8	GPE_NOM	4602	4608	FAISEM
caso_clinico_psiquiatria480	T9	FAC_NOM	5003	5038	Centro Provincial de Drogadicciones
caso_clinico_psiquiatria484	T1	FAC_NOM	63	102	Unidad de Primeros Episodios Psicóticos
caso_clinico_psiquiatria484	T2	COMUNIDAD	155	163	española
caso_clinico_psiquiatria484	T3	DEPARTAMENTO	1365	1383	médico-quirúrgicos
caso_clinico_psiquiatria484	T4	FAC_NOM	1989	2004	clínica ansiosa
caso_clinico_psiquiatria484	T5	FAC_NOM	2317	23334	clínica psicótica
caso_clinico_psiquiatria497	T1	DEPARTAMENTO	192	202	Neurología
caso_clinico_psiquiatria497	T2	FAC_GEN	6497	6514	clínica psicótica
caso_clinico_psiquiatria507	T1	GPE_NOM	502	507	Suiza
caso_clinico_psiquiatria507	T2	GPE_NOM	523	529	España
caso_clinico_psiquiatria507	T3	FAC_GEN	613	623	internados
caso_clinico_psiquiatria547	T1	DEPARTAMENTO	202	211	Urgencias
caso_clinico_psiquiatria547	T2	DEPARTAMENTO	1900	1909	Urgencias
caso_clinico_psiquiatria547	T3	DEPARTAMENTO	5005	5009	UTIP
caso_clinico_radiologia376	T1	GPE_NOM	37	54	estación de Astún
caso_clinico_radiologia376	T2	GPE_NOM	110	117	Glasgow
caso_clinico_radiologia810	T1	GEO_GEN	85	90	playa
caso_clinico_radiologia810	T2	DEPARTAMENTO	108	117	Urgencias
caso_clinico_radiologia884	T1	DEPARTAMENTO	16	41	Consulta por tos y fiebre
caso_clinico_radiologia1010	T1	GPE_NOM	80	85	Quito
caso_clinico_radiologia1010	T2	FAC_GEN	334	349	centro de salud
caso_clinico_radiologia1011	T1	GPE_NOM	124	132	Barahona
caso_clinico_radiologia1011	T2	FAC_NOM	145	156	Villa Mella
caso_clinico_radiologia1011	T3	COMUNIDAD	211	216	Negra
caso_clinico_radiologia1011	T4	FAC_GEN	1164	1196	Casa de block techada de cemento
caso_clinico_radiologia1011	T5	FAC_GEN	6556	6563	clínica
caso_clinico_radiologia1011	T6	DEPARTAMENTO	6665	6685	OTORRINOLARINGOLOGIA
caso_clinico_urgencias6	T1	GPE_NOM	31	48	Palma de Mallorca
caso_clinico_urgencias6	T2	DEPARTAMENTO	139	148	urgencias
caso_clinico_urgencias6	T3	TRANSPORTE	234	239	viaje
caso_clinico_urgencias6	T4	GPE_NOM	251	255	Perú
caso_clinico_urgencias6	T5	DEPARTAMENTO	269	278	urgencias
caso_clinico_urgencias6	T6	DEPARTAMENTO	689	692	UVI
caso_clinico_urgencias53	T1	DEPARTAMENTO	32	41	urgencias
caso_clinico_urgencias53	T2	GPE_NOM	297	314	Guinea Ecuatorial
caso_clinico_urgencias53	T3	GPE_NOM	325	331	España
caso_clinico_urgencias139	T1	DEPARTAMENTO	277	286	urgencias
caso_clinico_urgencias139	T2	DEPARTAMENTO	1447	1457	hematóloga
caso_clinico_urgencias139	T3	DEPARTAMENTO	2139	2150	ginecología
caso_clinico_urologia28	T1	DEPARTAMENTO	361	370	Urgencias
caso_clinico_urologia178	T1	DEPARTAMENTO	337	346	Urgencias
caso_clinico_urologia178	T2	COMUNIDAD	391	401	extranjero
caso_clinico_urologia178	T3	IDIOMAD	410	426	habla castellano
caso_clinico_urologia178	T4	DEPARTAMENTO	2964	2972	Urología
caso_clinico_urologia178	T5	DEPARTAMENTO	2974	2987	Traumatología
caso_clinico_urologia178	T6	DEPARTAMENTO	2990	3006	Cirugía Plástica
caso_clinico_urologia412	T1	FAC_NOM	363	406	Hospital Clínico Universitario Lozano Blesa
caso_clinico_urologia412	T2	DEPARTAMENTO	350	359	Urgencias
caso_clinico_urologia412	T3	DEPARTAMENTO	1138	1147	Urgencias
caso_clinico_urologia412	T4	DEPARTAMENTO	4810	4819	Urgencias
caso_clinico_urologia412	T5	DEPARTAMENTO	6025	6028	UCI
caso_clinico_urologia412	T6	DEPARTAMENTO	7222	7235	Traumatología
caso_clinico_urologia412	T7	DEPARTAMENTO	7419	7427	Urología
casos_clinicos_cardiologia48	T1	GPE_NOM	102	108	Guinea
casos_clinicos_cardiologia48	T2	GEO_NOM	82	89	Conakri
casos_clinicos_cardiologia48	T3	GPE_NOM	123	129	España
casos_clinicos_cardiologia48	T4	DEPARTAMENTO	335	344	Urgencias
casos_clinicos_cardiologia50	T1	COMUNIDAD	98	105	Rumanía
casos_clinicos_cardiologia50	T2	DEPARTAMENTO	616	629	cardiología
casos_clinicos_cardiologia50	T3	DEPARTAMENTO	4579	4590	Cardiología
casos_clinicos_cardiologia67	T1	COMUNIDAD	30	52	de origen sudamericano
casos_clinicos_cardiologia67	T2	GPE_NOM	68	74	España
casos_clinicos_cardiologia67	T3	DEPARTAMENTO	375	386	Cardiología
casos_clinicos_cardiologia67	T4	DEPARTAMENTO	3259	3268	serología
casos_clinicos_cardiologia135	T1	DEPARTAMENTO	42	51	Urgencias
casos_clinicos_cardiologia135	T2	DEPARTAMENTO	199	208	Urgencias
casos_clinicos_cardiologia135	T3	GPE_NOM	152	160	an Juan
casos_clinicos_cardiologia135	T4	DEPARTAMENTO	3705	3714	Urgencias
casos_clinicos_cardiologia214	T1	DEPARTAMENTO	1672	1681	urgencias
casos_clinicos_cardiologia214	T2	DEPARTAMENTO	2423	2444	consulta de arritmias
casos_clinicos_cardiologia214	T3	DEPARTAMENTO	6208	6237	ambulatoria en nuestro centro
casos_clinicos_cardiologia262	T1	DEPARTAMENTO	164	188	Valorada por cardiología
casos_clinicos_cardiologia262	T2	FAC_NOM	195	229	centro privado por prolapso mitral
casos_clinicos_cardiologia262	T3	DEPARTAMENTO	330	340	oncológica
casos_clinicos_cardiologia262	T4	FAC_GEN	1189	1201	supermercado
casos_clinicos_cardiologia262	T5	DEPARTAMENTO	5229	5245	oncología médica
casos_clinicos_cardiologia262	T6	DEPARTAMENTO	7099	7131	centro hemodinámicamente estable
casos_clinicos_cardiologia262	T7	DEPARTAMENTO	9766	9778	cardiológico
casos_clinicos_cardiologia262	T8	DEPARTAMENTO	9784	9794	oncológico
casos_clinicos_cardiologia348	T1	DEPARTAMENTO	1105	1138	clínica de insuficiencia cardiaca
casos_clinicos_cardiologia348	T2	DEPARTAMENTO	1497	1516	centro hospitalario
casos_clinicos_cardiologia348	T3	DEPARTAMENTO	1611	1620	urgencias
casos_clinicos_cardiologia348	T4	DEPARTAMENTO	2320	2331	cardiología
casos_clinicos_cardiologia348	T5	DEPARTAMENTO	5424	5469	unidad de cuidados intermedios de cardiología
casos_clinicos_cardiologia399	T1	FAC_GEN	289	296	clínica
casos_clinicos_cardiologia399	T2	DEPARTAMENTO	534	551	atención primaria
casos_clinicos_cardiologia399	T3	DEPARTAMENTO	569	580	ambulatorio
casos_clinicos_cardiologia399	T4	DEPARTAMENTO	1004	1013	Urgencias
casos_clinicos_cardiologia399	T5	DEPARTAMENTO	1218	1229	ambulatorio
casos_clinicos_cardiologia399	T6	DEPARTAMENTO	7758	7788	consultas de electrofisiología
casos_clinicos_cardiologia599	T1	GEO_NOM	488	493	Cádiz
casos_clinicos_cardiologia599	T2	DEPARTAMENTO	580	589	urgencias
casos_clinicos_cardiologia599	T3	DEPARTAMENTO	1053	1062	urgencias
casos_clinicos_cardiologia599	T4	DEPARTAMENTO	5840	5877	Panel de inmunodiagnóstico infeccioso
caso_clinico_medtropical140	T1	TRANSPORTE	729	734	viaje
caso_clinico_medtropical140	T2	TRANSPORTE	964	969	vuelo
caso_clinico_medtropical140	T3	GPE_NOM	1211	1217	España
caso_clinico_medtropical140	T4	GPE_NOM	1211	1217	España
caso_clinico_medtropical140	T5	DEPARTAMENTO	1240	1249	Urgencias
caso_clinico_medtropical140	T6	GPE_NOM	737	747	California
caso_clinico_medtropical140	T7	TRANSPORTE	705	720	vuelo de vuelta
caso_clinico_medtropical140	T8	TRANSPORTE	2476	2481	viaje
caso_clinico_medtropical140	T9	TRANSPORTE	2591	2596	viaje
casos_clinicos_infecciosas17	T1	DEPARTAMENTO	30	39	Urgencias
casos_clinicos_infecciosas17	T2	DEPARTAMENTO	176	193	Atención Primaria
casos_clinicos_infecciosas17	T3	DEPARTAMENTO	1871	1880	Urgencias
casos_clinicos_infecciosas23	T1	DEPARTAMENTO	134	143	urgencias
casos_clinicos_infecciosas23	T2	DEPARTAMENTO	476	492	Neurológicamente
casos_clinicos_infecciosas23	T3	DEPARTAMENTO	1060	1069	urgencias
casos_clinicos_infecciosas23	T4	DEPARTAMENTO	7555	7564	urgencias
casos_clinicos_infecciosas44	T1	DEPARTAMENTO	46	55	Urgencias
casos_clinicos_infecciosas44	T2	COMUNIDAD	448	455	Almería
casos_clinicos_infecciosas44	T3	DEPARTAMENTO	2199	2210	Psiquiatría
casos_clinicos_infecciosas44	T4	DEPARTAMENTO	4570	4589	patología orgánica
casos_clinicos_infecciosas44	T5	DEPARTAMENTO	8361	8372	psiquiatría
casos_clinicos_infecciosas48	T1	GPE_NOM	54	58	Mali
casos_clinicos_infecciosas48	T2	GEO_NOM	74	80	España
casos_clinicos_infecciosas48	T3	TRANSPORTE	142	157	ruta migratoria
casos_clinicos_infecciosas48	T4	GEO_NOM	163	178	Costa de Marfil
casos_clinicos_infecciosas48	T5	GPE_NOM	180	185	Libia
casos_clinicos_infecciosas48	T6	GPE_NOM	187	191	Mali
casos_clinicos_infecciosas48	T7	GPE_NOM	193	200	Argelia
casos_clinicos_infecciosas48	T8	GPE_NOM	202	227	Marruecos y Fuerteventura
casos_clinicos_infecciosas48	T9	FAC_GEN	288	292	casa
casos_clinicos_infecciosas48	T10	DEPARTAMENTO	546	563	Atención Primaria
casos_clinicos_infecciosas49	T1	GPE_NOM	40	47	Senegal
casos_clinicos_infecciosas49	T2	GPE_NOM	63	70	Almería
casos_clinicos_infecciosas49	T3	DEPARTAMENTO	271	299	consulta de Medicina Interna
casos_clinicos_infecciosas49	T4	GEO_GEN	3749	3764	región tropical
casos_clinicos_infecciosas49	T5	DEPARTAMENTO	4095	4109	epidemiológico
casos_clinicos_infecciosas50	T1	GPE_NOM	28	34	Gambia
casos_clinicos_infecciosas50	T2	DEPARTAMENTO	84	130	consultas externas de Enfermedades Infecciosas
casos_clinicos_infecciosas50	T3	DEPARTAMENTO	676	682	Gambia
casos_clinicos_infecciosas50	T4	TRANSPORTE	712	717	ruta migratoria
casos_clinicos_infecciosas50	T5	GPE_NOM	718	724	Italia
casos_clinicos_infecciosas50	T6	GPE_NOM	725	731	España
casos_clinicos_infecciosas50	T7	DEPARTAMENTO	147	167	Otorrinolaringología
casos_clinicos_infecciosas82	T1	DEPARTAMENTO	224	241	atención primaria
casos_clinicos_infecciosas82	T2	TRANSPORTE	3867	3875	viajeros
casos_clinicos_infecciosas115	T1	GPE_NOM	532	541	La Ribera
casos_clinicos_infecciosas115	T2	DEPARTAMENTO	816	819	UCI
casos_clinicos_infecciosas115	T3	DEPARTAMENTO	5883	5911	ambulatorio para seguimiento
casos_clinicos_infecciosas148	T1	GPE_NOM	46	56	Santa Cruz
casos_clinicos_infecciosas148	T2	GEO_NOM	81	87	España
casos_clinicos_infecciosas148	T3	DEPARTAMENTO	448	465	Atención primaria
casos_clinicos_infecciosas148	T4	DEPARTAMENTO	951	974	consultas de Neurología
casos_clinicos_infecciosas148	T5	DEPARTAMENTO	1157	1171	Microbiología
casos_clinicos_infecciosas148	T6	DEPARTAMENTO	2064	2079	epidemiológicos
casos_clinicos_infecciosas148	T7	DEPARTAMENTO	5783	5792	serología
casos_clinicos_infecciosas148	T8	DEPARTAMENTO	7304	7340	consulta de Enfermedades Infecciosas
casos_clinicos_infecciosas148	T9	DEPARTAMENTO	7480	7490	neurología
casos_clinicos_infecciosas148	T10	DEPARTAMENTO	8727	8780	planta de hospitalización de Enfermedades Infecciosas
casos_clinicos_infecciosas151	T1	GPE_NOM	29	33	Malí
casos_clinicos_infecciosas151	T2	GPE_NOM	49	55	España
casos_clinicos_infecciosas151	T3	DEPARTAMENTO	208	217	urgencias
casos_clinicos_infecciosas151	T4	DEPARTAMENTO	585	602	hemodinámicamente
casos_clinicos_infecciosas152	T1	FAC_GEN	31	41	Mauritania
casos_clinicos_infecciosas152	T2	GPE_NOM	56	62	España
casos_clinicos_infecciosas152	T3	DEPARTAMENTO	87	111	consultas de infecciosas
casos_clinicos_infecciosas152	T4	DEPARTAMENTO	236	251	epidemiológicos
casos_clinicos_infecciosas152	T5	GEO_GEN	1614	1622	tropical
casos_clinicos_infecciosas152	T6	GEO_GEN	1614	1622	tropical
casos_clinicos_infecciosas152	T7	GEO_NOM	3994	4008	África tropica
casos_clinicos_infecciosas152	T8	GPE_NOM	4015	4031	Sudeste asiático
casos_clinicos_infecciosas152	T9	GPE_GEN	5145	5151	África
casos_clinicos_infecciosas152	T10	GPE_NOM	5164	5174	Mauritania
casos_clinicos_infecciosas152	T11	GPE_GEN	5236	5272	el sur
casos_clinicos_infecciosas152	T12	GPE_NOM	5254	5272	de Aloun-el-Arouss
casos_clinicos_infecciosas152	T13	GPE_NOM	5446	5452	África
casos_clinicos_infecciosas152	T14	GPE_NOM	5469	5479	Sudámerica
casos_clinicos_infecciosas175	T1	COMUNIDAD	44	69	de nacionalidad española
casos_clinicos_infecciosas175	T2	DEPARTAMENTO	4659	4667	consulta
casos_clinicos_infecciosas175	T3	DEPARTAMENTO	5622	5668	consultas externas de Enfermedades Infecciosas
casos_clinicos_infecciosas176	T1	GPE_NOM	55	62	Rumanía
casos_clinicos_infecciosas176	T2	GPE_NOM	78	85	España
casos_clinicos_infecciosas176	T3	DEPARTAMENTO	354	363	Urgencias
casos_clinicos_infecciosas176	T4	DEPARTAMENTO	1972	1991	Unidad de Cuidados
casos_clinicos_infecciosas202	T1	TRANSPORTE	495	504	bicicleta
casos_clinicos_infecciosas202	T2	DEPARTAMENTO	942	951	urgencias
casos_clinicos_infecciosas202	T3	DEPARTAMENTO	1157	1189	consulta externa de Enfermedades
casos_clinicos_infecciosas202	T4	FAC_NOM	1264	1271	clínica
casos_clinicos_infecciosas202	T5	DEPARTAMENTO	1952	1961	Urgencias
casos_clinicos_infecciosas202	T6	DEPARTAMENTO	3256	3270	epidemiológico
casos_clinicos_pediatria9	T1	COMUNIDAD	35	51	de origen alemán
casos_clinicos_pediatria9	T2	DEPARTAMENTO	66	87	Servicio de Urgencias
casos_clinicos_pediatria9	T3	TRANSPORTE	94	112	crucero vacacional
casos_clinicos_pediatria13	T1	COMUNIDAD	49	58	Calatayud
casos_clinicos_pediatria13	T2	GPE_NOM	1584	1590	España
casos_clinicos_pediatria14	T1	GPE_NOM	33	52	provincia de Huesca
casos_clinicos_pediatria15	T1	TRANSPORTE	195	201	viajes
casos_clinicos_pediatria15	T2	FAC_GEN	143	149	urbano
casos_clinicos_pediatria46	T1	GPE_NOM	53	58	india
casos_clinicos_pediatria46	T2	GPE_NOM	86	92	España
casos_clinicos_pediatria46	T3	DEPARTAMENTO	120	150	atención primaria de pediatría
casos_clinicos_pediatria46	T4	GPE_NOM	271	276	India
casos_clinicos_profesiones5	T1	GPE_NOM	109	115	Teruel
casos_clinicos_profesiones5	T2	FAC_NOM	82	105	Hospital Obispo Polanco
casos_clinicos_profesiones5	T3	FAC_NOM	276	307	Mutua de Accidentes de Zaragoza
casos_clinicos_profesiones5	T4	DEPARTAMENTO	361	374	traumatología
casos_clinicos_profesiones5	T5	DEPARTAMENTO	528	556	servicio de cirugía plástica
casos_clinicos_profesiones5	T6	COMUNIDAD	1180	1188	Española
casos_clinicos_profesiones5	T7	COMUNIDAD	1287	1293	GPE_NOM
casos_clinicos_profesiones15	T1	FAC_GEN	57	76	pequeño laboratorio
casos_clinicos_profesiones15	T2	GPE_NOM	3099	3105	Brasil
casos_clinicos_profesiones15	T3	GPE_NOM	3099	3105	Brasil
casos_clinicos_profesiones15	T4	GPE_NOM	2928	2934	Brasil
casos_clinicos_profesiones15	T5	GPE_NOM	1829	1835	Brasil
casos_clinicos_profesiones15	T6	GPE_NOM	2456	2463	coreano
casos_clinicos_profesiones15	T7	GPE_NOM	1829	1835	Brasil
casos_clinicos_profesiones15	T8	GPE_NOM	1379	1385	Brasil
casos_clinicos_profesiones15	T9	GPE_NOM	1409	1417	coreano
casos_clinicos_profesiones37	T1	GPE_NOM	65	71	Kuwait
casos_clinicos_profesiones37	T2	FAC_GEN	110	117	clínica
casos_clinicos_profesiones37	T3	GPE_NOM	203	209	Kuwait
casos_clinicos_profesiones37	T4	GPE_NOM	346	352	Iraquí
casos_clinicos_profesiones37	T5	GPE_NOM	355	361	Kuwait
casos_clinicos_profesiones77	T1	FAC_GEN	104	110	pueblo
casos_clinicos_profesiones83	T1	COMUNIDAD	209	217	mexicana
casos_clinicos_profesiones83	T2	COMUNIDAD	227	234	mestiza
casos_clinicos_profesiones83	T3	COMUNIDAD	274	282	católica
casos_clinicos_profesiones83	T4	GPE_NOM	327	330	Méx
casos_clinicos_profesiones83	T5	GPE_NOM	373	382	Naucalpan
casos_clinicos_profesiones83	T6	GPE_NOM	392	395	Méx
casos_clinicos_profesiones83	T7	FAC_GEN	8708	8712	cine
casos_clinicos_profesiones83	T8	FAC_GEN	8715	8721	teatro
casos_clinicos_profesiones83	T9	DEPARTAMENTO	9499	9510	Pediatricos
casos_clinicos_profesiones83	T10	DEPARTAMENTO	11981	11994	Toxicológicos
casos_clinicos_profesiones83	T11	DEPARTAMENTO	13445	13477	ANDROLÓGICOS OGINECOOBSTETRICOS
casos_clinicos_profesiones96	T1	FAC_NOM	58	103	Hospital Universitario General Calixto García
casos_clinicos_profesiones96	T2	DEPARTAMENTO	458	482	comisión de ética médica
casos_clinicos_profesiones96	T3	DEPARTAMENTO	198	208	neurología
casos_clinicos_profesiones96	T4	GPE_NOM	733	742	La Habana
casos_clinicos_profesiones96	T5	DEPARTAMENTO	3346	3373	comisión de peritaje médico
casos_clinicos_profesiones96	T6	DEPARTAMENTO	3483	3493	neurología
casos_clinicos_profesiones96	T7	FAC_GEN	3779	3786	clínica
casos_clinicos_profesiones96	T8	DEPARTAMENTO	4025	4045	comisión de peritaje
casos_clinicos_profesiones99	T1	GPE_NOM	108	113	Chile
casos_clinicos_profesiones99	T2	IDIOMAD	778	787	maternaje
casos_clinicos_profesiones99	T3	COMUNIDAD	2139	2146	gallego
casos_clinicos_profesiones99	T4	FAC_GEN	3534	3558	Centro neuropsiquiátrico
casos_clinicos_profesiones99	T5	GPE_NOM	4022	4028	España
casos_clinicos_profesiones99	T6	GPE_NOM	4107	4112	Madri
cc_geneticas144	T1	GPE_NOM	113	130	estado de Morelos
cc_geneticas144	T2	GPE_NOM	132	138	México
cc_geneticas144	T3	GPE_NOM	159	177	estado de Guerrero
cc_geneticas144	T4	DEPARTAMENTO	410	421	obstétricos
cc_geneticas144	T5	DEPARTAMENTO	2104	2120	consulta prenata
cc_geneticas144	T6	FAC_GEN	2727	2743	hospital general
cc_geneticas155	T1	DEPARTAMENTO	381	390	urgencias
cc_geneticas157	T1	GPE_NOM	67	73	Cúcuta
cc_geneticas157	T2	GPE_NOM	75	83	Colombia
cc_geneticas157	T3	DEPARTAMENTO	663	673	quirúrgica
cc_geneticas157	T4	TRANSPORTE	542	551	bicicleta
cc_geneticas275	T1	GPE_NOM	123	137	Artur Nogueira
cc_geneticas275	T2	GPE_NOM	139	148	Sao Paulo
cc_geneticas275	T3	GPE_NOM	150	156	Brasil
cc_geneticas275	T4	DEPARTAMENTO	66	81	consulta médica
cc_geneticas275	T5	DEPARTAMENTO	1677	1691	Neuropediatría
cc_geneticas384	T1	FAC_NOM	87	107	Clínica de Ortopedia
cc_geneticas384	T2	DEPARTAMENTO	169	178	Pediatría
cc_geneticas384	T3	FAC_NOM	228	269	Benemérita Universidad Autónoma de Puebla
cc_geneticas480	T1	DEPARTAMENTO	63	72	Pediatría
cc_geneticas480	T2	FAC_GEN	79	96	Hospital General
cc_geneticas480	T3	DEPARTAMENTO	1242	1263	Neurología Pediátrica
cc_geneticas480	T4	DEPARTAMENTO	1333	1371	Unidad de Salud Mental Infanto-Juvenil
cc_geneticas480	T5	FAC_GEN	2277	2308	Hospital General de referencia
cc_geneticas480	T6	FAC_GEN	3280	3289	Pediatría
cc_geneticas559	T1	GPE_NOM	72	84	Valencia Edo
cc_geneticas559	T2	GPE_NOM	86	94	Carabobo
cc_geneticas559	T3	GPE_NOM	96	105	Venezuela
cc_geneticas559	T4	FAC_NOM	235	297	Odontopediatría de la Universidad de Carabobo por preocupación
cc_geneticas559	T5	GPE_NOM	588	597	Venezuela
cc_geneticas559	T6	DEPARTAMENTO	1928	1944	odontopediátrica
cc_neumologia29	T1	TRANSPORTE	610	629	viaje transoceánico
cc_neumologia29	T2	FAC_GEN	649	656	clínica
cc_odontologia28	T1	FAC_NOM	42	94	Facultad de Odontología de la Universidad de Sevilla
cc_odontologia28	T2	FAC_NOM	111	156	Hospital General Juan Ramón Jiménez de Huelva
cc_odontologia28	T3	DEPARTAMENTO	1106	1144	Unidad Docente de Odontología Infantil
cc_onco196	T1	GPE_NOM	192	199	Rumanía
cc_onco196	T2	GPE_NOM	210	216	España
cc_onco222	T1	FAC_GEN	367	379	construcción
cc_onco222	T2	FAC_GEN	382	392	hosteleria
cc_onco222	T3	FAC_GEN	608	623	centro de salud
cc_onco222	T4	DEPARTAMENTO	1042	1070	comité de tumores urológicos
cc_onco222	T5	DEPARTAMENTO	1892	1901	urgencias
cc_onco222	T6	DEPARTAMENTO	2525	2534	urgencias
cc_onco222	T7	DEPARTAMENTO	4915	4938	Oncología Radioterápica
cc_onco222	T8	DEPARTAMENTO	4944	4956	Neurocirugía
cc_onco222	T9	DEPARTAMENTO	5191	5217	servicio de Endocrinología
cc_onco315	T1	GPE_NOM	47	58	Extremadura
cc_onco315	T2	GEO_NOM	76	84	Mallorca
cc_onco315	T3	DEPARTAMENTO	4192	4204	Dermatología
cc_onco315	T4	DEPARTAMENTO	4206	4222	Unidad de Sepsis
cc_onco315	T5	DEPARTAMENTO	4224	4237	Microbiología
cc_onco315	T6	DEPARTAMENTO	4239	4258	Anatomía Patológica
cc_onco315	T7	DEPARTAMENTO	4260	4274	Cirugía Genera
cc_onco315	T8	DEPARTAMENTO	4277	4290	Traumatología
cc_onco315	T9	DEPARTAMENTO	4293	4302	Oncología
cc_onco397	T1	DEPARTAMENTO	2053	2068	Cirugía General
cc_onco397	T2	GPE_NOM	4821	4830	Australia
cc_onco627	T1	GPE_NOM	410	418	Bulgaria
cc_onco627	T2	DEPARTAMENTO	3069	3105	comité de tumores de cabeza y cuello
cc_onco857	T1	COMUNIDAD	45	66	nacionalidad española
cc_onco857	T2	DEPARTAMENTO	3053	3062	Urgencias
cc_onco857	T3	DEPARTAMENTO	5230	5260	Unidad de Vigilancia Intensiva
cc_onco908	T1	DEPARTAMENTO	46	55	Urgencias
cc_onco908	T2	DEPARTAMENTO	934	943	Urgencias
cc_onco908	T3	DEPARTAMENTO	1341	1357	Medicina Interna
cc_onco908	T4	DEPARTAMENTO	2049	2057	Oncología
cc_onco908	T5	DEPARTAMENTO	2456	2465	Urgencias
cc_onco908	T6	TRANSPORTE	960	969	bicicleta
cc_onco1125	T1	DEPARTAMENTO	124	133	Oncología
cc_onco1125	T2	FAC_NOM	138	186	Hospital Gubernamental de Mbabane en Suazilandia
cc_onco1125	T3	DEPARTAMENTO	1626	1645	consulta de Cirugía
cc_onco1225	T1	GPE_NOM	52	59	Francia
cc_onco1225	T2	FAC_GEN	594	601	clínica
cc_onco1511	T1	FAC_GEN	586	600	granja avícola
cc_onco1511	T2	TRANSPORTE	569	578	excursión
cc_onco1535	T1	TRANSPORTE	83	92	emigrante
cc_onco1535	T2	GPE_NOM	96	105	Marruecos
cc_onco1858	T1	DEPARTAMENTO	49	91	consultas externas de Otorrinolaringología
cc_onco1858	T2	DEPARTAMENTO	115	132	Atención Primaria
cc_onco1858	T3	DEPARTAMENTO	418	428	Neumología
cc_onco1858	T4	DEPARTAMENTO	2918	2945	comité de tumores torácicos
cc_onco1858	T5	DEPARTAMENTO	4639	4649	Neurología
cc_onco1858	T6	DEPARTAMENTO	5978	5987	Oncología
cc_otorrinolaringologia214	T1	GPE_NOM	64	73	Marruecos
cc_otorrinolaringologia214	T2	DEPARTAMENTO	90	99	Urgencias
cc_otorrinolaringologia214	T3	DEPARTAMENTO	198	208	Neurología
cc_otorrinolaringologia251	T1	DEPARTAMENTO	162	194	servicio de Otorrinolaringología
cc_otorrinolaringologia251	T2	GPE_NOM	233	241	Valencia
cc_otorrinolaringologia251	T3	DEPARTAMENTO	1593	1613	Otorrinolaringología
cc_reumatologia244	T1	FAC_GEN	68	79	casco rural
cc_reumatologia244	T2	GPE_NOM	84	101	municipio de Tela
S0004-06142007000700010-1	T1	GPE_GEN	34	53	país centroafricano
S0004-06142007000700010-1	T2	GPE_NOM	69	76	Navarra
S0004-06142007000700011-2	T1	DEPARTAMENTO	39	48	Urgencias
S0034-98872005000300009-1	T1	DEPARTAMENTO	77	97	Unidad de Emergencia
S0034-98872005000300009-1	T2	FAC_NOM	98	139	del Hospital Clínico Regional de Valdivia
S0034-98872005000300009-1	T3	DEPARTAMENTO	2209	2216	Cirugía
S0034-98872005000700010-1	T1	GPE_NOM	103	122	Colbún (VII región
S0034-98872005000700010-1	T2	DEPARTAMENTO	465	468	UCI
S0034-98872005000700010-1	T3	GPE_NOM	675	681	Munich
S0034-98872006000200013-1	T1	FAC_NOM	759	788	Centro de Referencia de Salud
S0034-98872006000200013-1	T2	FAC_GEN	3182	3192	Laboratorio
S0034-98872006000200013-1	T3	FAC_NOM	3200	3212	Clínica Mayo
S0034-98872008001200010-1	T1	DEPARTAMENTO	41	60	Dento-Máxilo-Facial
S0034-98872008001200010-1	T2	FAC_NOM	65	108	Hospital Clínico de la Universidad de Chile
S0034-98872008001200010-1	T3	DEPARTAMENTO	172	183	Hematología
S0034-98872016000600016-1	T1	GPE_NOM	66	74	Santiago
S0034-98872016000600016-1	T2	DEPARTAMENTO	294	314	Servicio de Urgencia
S0034-98872016000600016-1	T3	FAC_NOM	319	340	Hospital del Salvador
S0120-41572007000500002-1	T1	GPE_NOM	59	85	municipio de Puerto Guzmán
S0120-41572007000500002-1	T2	GPE_NOM	87	95	Putumayo
S0120-41572012000500002-1	T1	GPE_NOM	82	86	Cali
S0120-41572012000500002-1	T2	GEO_NOM	88	103	Valle del Cauca
S0120-41572012000500002-1	T3	FAC_NOM	397	429	Hospital Universitario del Valle
S0120-41572012000500002-1	T4	TRANSPORTE	2687	2693	viajes
S0120-41572012000500002-1	T5	GPE_NOM	3225	3229	Cali
S0120-41572012000500002-1	T6	GEO_NOM	3303	3308	Dagua
S0120-41572012000500002-1	T7	GEO_NOM	3310	3325	Valle del Cauca
S0120-41572013000500002-1	T1	GPE_NOM	91	96	Útica
S0120-41572013000500002-1	T2	GPE_NOM	98	110	Cundinamarca
S0120-41572013000500002-1	T3	COMUNIDAD	147	154	mestiza
S0210-48062005000300008-1	T1	DEPARTAMENTO	235	244	Urgencias
S0210-48062005000300008-1	T2	DEPARTAMENTO	454	483	unidad de cuidados intensivos
S0210-48062005000300008-1	T3	DEPARTAMENTO	2101	2104	UCI
S0210-56912012000900010-1	T1	FAC_GEN	55	88	coronario agudo en la vía pública
S0210-56912012000900010-1	T2	FAC_GEN	105	113	hospital
S0210-56912012000900010-1	T3	DEPARTAMENTO	835	844	quirófano
S0211-57352010000400006-1	T1	FAC_GEN	77	99	nacionalidad nigeriana
S0211-57352010000400006-1	T2	FAC_NOM	180	197	Hospital de Valme
S0211-57352010000400006-1	T3	FAC_GEN	290	296	puente
S0211-57352010000400006-1	T4	DEPARTAMENTO	321	330	urgencias
S0211-57352010000400006-1	T5	FAC_GEN	1013	1025	hospitalaria
S0211-57352010000400006-1	T6	IDIOMAD	1106	1114	española
S0211-57352010000400006-1	T7	GPE_NOM	1449	1455	España
S0211-57352010000400006-1	T8	GPE_NOM	1469	1476	Sevilla
S0211-57352010000400006-1	T9	GPE_NOM	2008	2014	Madrid
S0211-57352010000400006-1	T10	GPE_NOM	2266	2274	africano
S0211-57352010000400006-1	T11	GPE_NOM	2418	2424	España
S0211-57352010000400006-1	T12	GPE_NOM	4091	4106	ciudad de Enugu
S0211-57352010000400006-1	T13	GPE_NOM	4122	4147	estado nigeriano de Enugu
S0211-57352010000400006-1	T14	GPE_NOM	4390	4396	España
S0211-57352013000400004-1	T1	DEPARTAMENTO	713	739	servicio de rehabilitación
S0211-57352013000400004-1	T2	FAC_GEN	1093	1101	hospital
S0211-57352013000400004-1	T3	FAC_GEN	1347	1357	dormitorio
S0211-57352013000400004-1	T4	FAC_GEN	1365	1371	cocina
S0211-57352013000400004-1	T5	FAC_GEN	1374	1378	baño
S0211-57352013000400004-1	T6	GPE_NOM	3444	3451	Galicia
S0211-57352013000400004-1	T7	GPE_NOM	3453	3479	región del norte de España
S0211-69952013000400028-1	T1	TRANSPORTE	79	84	viaje
S0211-69952013000400028-1	T2	GPE_NOM	87	95	Estambul
S0211-69952013000400028-1	T3	FAC_GEN	320	327	clínica
S0212-16112005000400011-1	T1	FAC_NOM	159	178	Hospital Son Dureta
S0212-16112005000400011-1	T2	DEPARTAMENTO	1878	1887	urgencias
S0213-12852006000500005-1	T1	FAC_GEN	39	79	Clínica Odontológica Docente Asistencial
S0213-12852006000500005-1	T2	FAC_NOM	86	112	Universidad de la Frontera
S0213-12852006000500005-1	T3	DEPARTAMENTO	1586	1594	urgencia
S0213-12852006000500005-1	T4	FAC_NOM	1599	1636	Hospital Dr. Hernán Henríquez Aravena
S0325-00752009000100012-1	T1	DEPARTAMENTO	84	108	Servicio de Neonatología
S0365-66912006000100009-1	T1	GPE_NOM	6	17	ecuatoriana
S0365-66912006000100009-1	T2	DEPARTAMENTO	98	130	consulta externa de oftalmología
S0376-78922009000100011-1	T1	DEPARTAMENTO	565	573	Urología
S0378-48352005000400004-1	T1	DEPARTAMENTO	35	44	urgencias
S0378-48352005000400004-1	T2	FAC_GEN	49	57	hospital
S0378-48352005000400004-1	T3	DEPARTAMENTO	1751	1760	Oncología
S0378-48352005000400004-1	T4	FAC_GEN	1772	1794	hospital de referencia
S0378-48352005000400008-1	T1	DEPARTAMENTO	106	132	New York Heart Association
S0378-48352006000600005-1	T1	COMUNIDAD	26	40	de origen ruso
S0378-48352006000600005-1	T2	DEPARTAMENTO	161	170	urgencias
S0378-48352006000600005-1	T3	FAC_GEN	182	190	hospital
S0378-48352006000600005-1	T4	DEPARTAMENTO	2521	2544	Oncología Radioterápica
S0465-546X2008000200010-1	T1	FAC_GEN	124	153	almacén de un central nuclear
S0465-546X2008000200010-1	T2	DEPARTAMENTO	1291	1315	la Unidad de Toxicología
S0465-546X2008000200010-1	T3	FAC_NOM	1320	1349	Hospital Clínico de Barcelona
S0716-10182005000100012-1	T1	GPE_NOM	31	42	Chimbarongo
S0716-10182005000100012-1	T2	GPE_NOM	44	53	VI Región
S0716-10182005000100012-1	T3	DEPARTAMENTO	151	154	UCI
S0716-10182005000100012-1	T4	FAC_NOM	159	187	Hospital Barros Luco Trudeau
S0716-10182005000100012-1	T5	DEPARTAMENTO	599	619	Unidad de Emergencia
S0716-10182005000100012-1	T6	FAC_NOM	624	647	Hospital de Chimbarongo
S0716-10182005000100012-1	T7	FAC_NOM	706	730	Hospital de San Fernando
S0716-10182005000100012-1	T8	DEPARTAMENTO	1406	1409	UCI
S0716-10182005000100012-1	T9	DEPARTAMENTO	1909	1912	UCI
S0716-10182006000400010-1	T1	DEPARTAMENTO	834	855	Unidad de Infecciosos
S0716-10182006000400010-1	T2	FAC_GEN	4464	4480	granja educativa
S0716-10182008000600010-1	T1	DEPARTAMENTO	135	143	pediatra
S0716-10182008000600010-1	T2	GPE_NOM	299	309	Casablanca
S0716-10182008000600010-1	T3	GPE_NOM	311	331	Región de Valparaíso
S0716-10182009000400012-1	T1	DEPARTAMENTO	388	411	servicio de ginecología
S0716-10182009000400012-1	T2	FAC_GEN	418	434	Clínica Hospital
S0716-10182009000500010-1	T1	DEPARTAMENTO	67	75	Urgencia
S0716-10182009000500010-1	T2	DEPARTAMENTO	91	103	Dermatología
S0716-10182009000500010-1	T3	FAC_NOM	108	136	Hospital Barros Luco Trudeau
S0716-10182009000500010-1	T4	FAC_NOM	1773	1834	Laboratorio de Virología del Instituto de Ciencias Biomédicas
S0716-10182009000500012-2	T1	COMUNIDAD	36	57	oriundo de Montevideo
S0716-10182011000600014-1	T1	FAC_NOM	166	179	Villa Alemana
S0716-10182011000600014-1	T2	GPE_NOM	181	201	Región de Valparaíso
S0716-10182011000600014-1	T3	FAC_GEN	618	640	Consultorio Periférico
S0716-10182011000600014-1	T4	FAC_NOM	644	657	Villa Alemana
S0716-10182011000600014-1	T5	FAC_GEN	1629	1640	laboratorio
S0716-10182011000600014-1	T6	FAC_NOM	1926	1954	laboratorio de Parasitología
S0716-10182011000600014-1	T7	FAC_NOM	1961	2012	Escuela de Medicina de la Universidad de Valparaíso
S0716-10182012000400022-1	T1	GPE_NOM	53	63	Concepción
S0716-10182012000400022-1	T2	GPE_NOM	78	90	AAntofagasta
S0716-10182012000400022-1	T3	FAC_GEN	131	154	centro privado de salud
S0716-10182012000400022-1	T4	GPE_NOM	316	323	Bío-Bío
S0716-10182013000300009-1	T1	GPE_NOM	111	141	comuna de Curepto de la Región
S0716-10182013000600017-1	T1	COMUNIDAD	88	108	nacionalidad peruana
S0716-10182013000600017-1	T2	GPE_NOM	121	126	Chile
S0716-10182013000600017-1	T3	DEPARTAMENTO	355	375	Servicio de Urgencia
S0716-10182013000600017-1	T4	GPE_NOM	4755	4770	norte de México
S0716-10182013000600017-1	T5	GPE_NOM	4803	4813	Hermosillo
S0716-10182013000600017-1	T6	GPE_NOM	4929	4934	Chile
S0716-10182014000200014-1	T1	GPE_NOM	49	68	provincia de Arauco
S0716-10182014000200014-1	T2	GEO_NOM	114	127	lago Lanalhue
S0716-10182014000200014-1	T3	TRANSPORTE	149	155	viajes
S0716-10182014000200014-1	T4	DEPARTAMENTO	330	347	atención primaria
S0716-10182014000300017-1	T1	FAC_GEN	135	150	campo de fútbol
S0716-10182014000300017-1	T2	GPE_NOM	1761	1767	Berlín
S0716-10182015000200015-1	T1	GPE_NOM	58	71	Alto Hospicio
S0716-10182015000200015-1	T2	GPE_NOM	73	91	Región de Tarapacá
S0716-10182017000200012-1	T1	GPE_NOM	90	98	Santiago
S0716-10182017000200012-1	T2	DEPARTAMENTO	171	191	Servicio de Urgencia
S1130-01082005001000013-1	T1	FAC_NOM	4710	4749	Hospital Universitario Virgen del Rocío
S1130-01082005001000013-1	T2	GPE_NOM	4751	4758	Sevilla
S1130-01082007000500007-1	T1	GPE_NOM	57	64	Ecuador
S1130-01082007000500007-1	T2	TRANSPORTE	894	901	viajado
S1130-01082007000500007-1	T3	GPE_NOM	904	910	España
S1130-01082007000500007-1	T4	FAC_GEN	997	985	hospital
S1130-01082007000500007-1	T5	COMUNIDAD	4754	4770	hispanoamericana
S1130-01082007000500007-1	T6	GPE_NOM	12468	12473	Japón
S1130-01082008000900008-1	T1	COMUNIDAD	10	21	ecuatoriana
S1130-01082008000900008-1	T2	GPE_NOM	46	52	España
S1130-01082008000900008-1	T3	DEPARTAMENTO	292	301	Urgencias
S1130-01082017000700009-1	T1	COMUNIDAD	46	62	origen pakistaní
S1130-01082017000700009-1	T2	GPE_NOM	99	105	España
S1130-05582009000600003-3	T1	DEPARTAMENTO	70	103	urgencias de cirugía maxilofacial
S1130-05582014000100007-1	T1	DEPARTAMENTO	51	74	servicio de Cirugía Ora
S1130-05582014000100007-1	T2	FAC_NOM	82	147	clínica odontológica de la Corporación Universitaria Rafael Núñez
S1130-05582014000200005-1	T1	DEPARTAMENTO	40	49	urgencias
S1130-05582014000200005-1	T2	FAC_NOM	54	75	Hospital General Xoco
S1130-05582014000200005-1	T3	GPE_NOM	84	90	México
S1130-05582014000200005-1	T4	DEPARTAMENTO	442	470	Unidad de Terapia Intensiva
S1132-12962004000100005-1	T1	GPE_NOM	55	64	asturiana
S1132-12962004000100005-1	T2	GPE_NOM	455	461	Europa
S1132-12962004000100005-1	T3	FAC_GEN	1128	1131	UHP
S1135-76062004000200001-1	T1	FAC_GEN	306	316	dormitorio
S1135-76062004000200001-1	T2	FAC_NOM	519	559	Instituto Anatómico Forense de Cartagena
S1135-76062007000300004-1	T1	DEPARTAMENTO	490	493	UCI
S1135-76062007000300004-1	T2	DEPARTAMENTO	607	619	Neurocirugía
S1135-76062007000300004-1	T3	COMUNIDAD	1478	1493	raza caucasoide
S1135-76062009000400006-1	T1	GEO_NOM	84	92	Red Frog
S1135-76062009000400006-1	T2	GEO_NOM	96	112	Isla Bastimentos
S1135-76062010000200003-1	T1	GPE_NOM	35	50	Puerto Vallarta
S1135-76062010000200003-1	T2	FAC_GEN	99	112	campo de golf
S1135-76062010000200003-1	T3	FAC_GEN	1364	1372	hospital
S1135-76062010000200003-2	T1	FAC_NOM	154	174	golf Marina Vallarta
S1135-76062010000200003-2	T2	FAC_GEN	579	595	hospital privado
S1135-76062010000200003-2	T3	GPE_NOM	1160	1171	Gabapentina
S1135-76062010000200003-2	T4	GEO_GEN	1526	1531	playa
S1135-76062010000200003-3	T1	GPE_NOM	65	81	Puerto Vallarta
S1135-76062010000200003-3	T2	GEO_NOM	152	183	la desembocadura del río Ameca
S1135-76062010000200003-3	T3	GPE_NOM	590	604	Nuevo Vallarta
S1135-76062010000200003-3	T4	GPE_NOM	605	613	Nayarit
S1135-76062010000200003-3	T5	FAC_GEN	641	658	hospital regional
S1135-76062010000200003-5	T1	GPE_NOM	35	50	Puerto Vallarta
S1135-76062010000200003-5	T2	GEO_NOM	151	161	Boca Negra
S1135-76062012000300008-1	T1	GPE_NOM	270	281	Cerro Negro
S1135-76062012000300008-1	T2	GPE_NOM	283	337	departamento Rosario de Lerma en la Provincia de Salta
S1135-76062012000300008-1	T3	GPE_NOM	342	376	Noroeste de la República Argentina
S1135-76062013000100007-1	T1	FAC_GEN	6	12	ladera
S1135-76062013000100007-1	T2	FAC_GEN	1600	1619	centro psiquiátrico
S1135-76062014000200007-1	T1	GPE_NOM	42	58	país escandinavo
S1135-76062014000200007-1	T2	GPE_NOM	171	179	española
S1135-76062014000200007-1	T3	FAC_GEN	915	922	piscina
S1137-66272016000300015-1	T1	DEPARTAMENTO	174	191	atención primaria
S1137-66272016000300015-1	T2	DEPARTAMENTO	586	606	sala de hemodinámica
S1137-66272016000300015-1	T3	FAC_NOM	2290	2317	laboratorio de hemodinámica
S1137-66272016000300015-1	T4	DEPARTAMENTO	2559	2562	UCI
S1139-13752011000100013-1	T1	FAC_NOM	85	131	Hospital Universitario Joan XXIII de Tarragona
S1139-13752011000100013-1	T2	DEPARTAMENTO	1356	1365	urgencias
S1139-13752011000300008-1	T1	DEPARTAMENTO	1952	1963	psiquiatría
S1139-76322010000400005-1	T1	GPE_NOM	33	40	Etiopía
S1139-76322010000400005-1	T2	GPE_NOM	131	137	España
S1139-76322010000400005-2	T1	GPE_NOM	33	452	África subsahariana
S1139-76322011000200007-1	T1	FAC_GEN	30	45	centro de salud
S1139-76322011000200007-1	T2	TRANSPORTE	142	147	viaje
S1139-76322011000200007-1	T3	GPE_NOM	162	176	Estados Unidos
S1139-76322011000200007-1	T4	FAC_NOM	443	462	Comunidad de Madrid
S1139-76322011000200007-1	T5	DEPARTAMENTO	1696	1828	Servicio de Infecciosas del mismo hospital y con el laboratorio fabricante (Pharmacia Spain) y el Centro de Vacunación Internacional
S1139-76322011000200007-1	T6	DEPARTAMENTO	1874	1910	Servicio de Enfermedades Infecciosas
S1139-76322011000200007-1	T7	FAC_GEN	1915	1937	Hospital Universitario
S1139-76322015000400010-1	T1	GPE_NOM	6	18	Vidal Vargas
S1139-76322015000400010-1	T2	FAC_NOM	139	183	Hospital Universitario Virgen de la Macarena
S1139-76322015000400010-1	T3	GPE_NOM	185	192	Sevilla
S1139-76322015000400010-1	T4	GPE_NOM	194	200	España
S1139-76322015000400010-1	T5	DEPARTAMENTO	282	311	pediatra de Atención Primaria
S1139-76322015000400010-1	T6	DEPARTAMENTO	400	408	pediatra
S1139-76322016000400013-1	T1	COMUNIDAD	15	26	afrolatino
S1139-76322016000400013-1	T2	GPE_NOM	52	58	Italia
S1139-76322016000400013-1	T3	DEPARTAMENTO	271	282	Hematología
S1139-76322016000400013-1	T4	DEPARTAMENTO	1013	1045	Odontología de Atención Primaria
S1139-76322016000400013-1	T5	FAC_GEN	1074	1096	hospital de referencia
S1139-76322016000400013-1	T6	DEPARTAMENTO	1131	1142	Hematología
S1139-76322016000400013-1	T7	DEPARTAMENTO	1247	1254	Cirugía
S1139-76322016000400013-1	T8	DEPARTAMENTO	1257	1266	Anestesia
S1139-76322016000400013-1	T9	DEPARTAMENTO	1294	1318	Odontología Hospitalaria
S1139-76322016000400013-1	T10	GPE_NOM	5270	5275	Japón
S1139-76322016000400013-1	T11	GPE_NOM	5278	5284	Europa
S1139-76322016000400013-1	T12	GPE_NOM	5314	5320	judíos
S1139-76322016000400013-1	T13	GPE_NOM	5411	5417	África
S1139-76322016000400013-1	T14	GPE_NOM	5418	5423	Asia
S1139-76322016000400013-1	T15	GPE_NOM	5411	5417	Medio Oriente
S1139-76322016000400013-1	T16	GPE_NOM	5418	5423	Asia
S1139-76322016000400013-1	T17	GPE_NOM	5425	5438	Medio Oriente
S1139-76322016000400013-1	T18	GPE_NOM	5440	5452	Mediterráneo
S1139-76322016000400013-1	T19	GPE_NOM	5455	5467	Nueva Guinea
S1698-44472004000500012-1	T1	DEPARTAMENTO	116	129	Cirugía Bucals
S1698-44472004000500012-1	T2	DEPARTAMENTO	132	145	Implantología
S1698-44472004000500012-1	T3	FAC_NOM	152	186	Facultad de Odontología de Granada
S1698-44472005000200003-1	T1	FAC_NOM	53	120	Instituto Nacional de Ciencias Médicas y Nutrición Salvador Zubirán
S1698-44472005000200003-1	T2	GPE_NOM	137	153	Ciudad de México
S1698-44472005000200003-1	T3	TRANSPORTE	943	954	seguimiento
S1699-695X2014000200011-1	T1	FAC_GEN	270	276	pueblo
S1699-695X2014000200011-1	T2	DEPARTAMENTO	295	330	Servicio de Urgencias Hospitalarias
S1699-695X2014000200011-1	T3	DEPARTAMENTO	782	799	hemodinámicamente
S1699-695X2014000200011-1	T4	DEPARTAMENTO	2156	2183	servicio de Cirugía General
S1699-695X2014000200011-1	T5	DEPARTAMENTO	2728	2747	a planta de cirugía
S1699-695X2015000100013-1	T1	DEPARTAMENTO	52	69	Atención primaria
S1699-695X2015000100013-1	T2	DEPARTAMENTO	304	333	consulta de Atención Primaria
S1699-695X2015000100013-1	T3	TRANSPORTE	353	358	viaje
S1699-695X2015000100013-1	T4	FAC_GEN	401	436	universidad privada del Reino Unido
S1699-695X2015000100013-1	T5	GPE_NOM	1745	1752	España
S1699-695X2015000100013-1	T6	DEPARTAMENTO	2122	2139	Atención Primaria
S1887-85712012000100007-1	T1	FAC_NOM	294	311	Hospital Nakasero
S1887-85712012000100007-1	T2	GPE_NOM	315	322	Kampala
S1887-85712012000100007-1	T3	GPE_NOM	1733	1740	Kampala
S1887-85712012000100007-1	T4	FAC_NOM	1799	1816	hospital Nakasero
S1887-85712012000100007-1	T5	GPE_NOM	1820	1827	Kampala
S1887-85712012000100007-1	T6	TRANSPORTE	1991	2008	la aeroevacuación
S1887-85712012000100007-1	T7	GPE_NOM	2011	2017	Italia
S1887-85712013000300006-1	T1	GPE_NOM	49	59	Afganistán
S1887-85712013000300006-1	T2	FAC_NOM	946	976	Hospital Central de la Defensa
S1887-85712013000300006-1	T3	DEPARTAMENTO	2849	2865	cirujano militar
S1887-85712013000300006-1	T4	IDIOMAD	2865	2873	francés
S1887-85712013000300006-1	T5	GPE_NOM	3181	3195	Estados Unidos
S1887-85712017000100008-1	T1	GPE_NOM	116	124	Freetown
S1887-85712017000100008-1	T2	FAC_NOM	360	370	Base Aérea
S1887-85712017000100008-1	T3	FAC_NOM	1097	1113	base en Zaragoza
S1887-85712017000100008-1	T4	FAC_NOM	3097	3121	Freetown en Sierra Leona
S1887-85712017000100008-1	T5	FAC_GEN	3249	3259	aeropuerto
S1887-85712017000100008-1	T6	COMUNIDAD	4473	4481	española
S1887-85712017000100008-1	T7	GPE_NOM	4543	4555	Sierra Leona
S1887-85712017000100008-1	T8	FAC_NOM	7353	7375	Base Aérea de Torrejón
S1887-85712017000100008-1	T9	FAC_NOM	7581	7610	Hospital Carlos III de Madrid
S1888-75462014000200009-1	T1	FAC_NOM	108	146	Centro Andaluz de Medicina del Deporte
S1888-75462014000200009-1	T2	GPE_NOM	157	164	Almería
caso_clinico_psiquiatria455	T1	DEPARTAMENTO	963	985	privada de Psiquiatría
caso_clinico_psiquiatria455	T2	DEPARTAMENTO	1843	1860	Atención Primaria
caso_clinico_psiquiatria455	T3	FAC_GEN	2355	2362	ciudad
caso_clinico_psiquiatria455	T4	DEPARTAMENTO	3589	3598	Urgencias
caso_clinico_psiquiatria455	T5	DEPARTAMENTO	3728	3737	Urgencias
caso_clinico_psiquiatria455	T6	FAC_GEN	4084	4092	hospital
caso_clinico_psiquiatria455	T7	GPE_GEN	867	873	ciudad
cc_onco1603	T1	FAC_NOM	1411	1470	Istituto Europeo di Oncologia
cc_onco1603	T2	GPE_NOM	1481	1486	Milán
cc_onco1603	T3	DEPARTAMENTO	2378	2390	Dermatología
